<?xml version="1.0" encoding="UTF-8"?>
<project-private xmlns="http://www.netbeans.org/ns/project-private/1">
    <editor-bookmarks xmlns="http://www.netbeans.org/ns/editor-bookmarks/2" lastBookmarkId="0"/>
    <open-files xmlns="http://www.netbeans.org/ns/projectui-open-files/2">
        <group>
            <file>file:/C:/Users/jmbusca/OneDrive/Professionnel/Enseignement/Mes%20cours/Advanced%20Java%20Programming/1-%20Advanced%20Constructs/Lab/AdvancedConstructs/src/annotations/TestClass.java</file>
            <file>file:/C:/Users/jmbusca/OneDrive/Professionnel/Enseignement/Mes%20cours/Advanced%20Java%20Programming/1-%20Advanced%20Constructs/Lab/AdvancedConstructs/src/reflection/ClassIntrospector.java</file>
            <file>file:/C:/Users/jmbusca/OneDrive/Professionnel/Enseignement/Mes%20cours/Advanced%20Java%20Programming/1-%20Advanced%20Constructs/Lab/AdvancedConstructs/src/generics/IntegerSequence.java</file>
            <file>file:/C:/Users/jmbusca/OneDrive/Professionnel/Enseignement/Mes%20cours/Advanced%20Java%20Programming/1-%20Advanced%20Constructs/Lab/AdvancedConstructs/src/reflection/ClassTester.java</file>
        </group>
    </open-files>
</project-private>
